threshold,total_points,anomalies,anomaly_rate
0.33085665,52636,978,0.01858043924310358
